<?xml version="1.0" encoding="UTF-8"?>
<!DOCTYPE suite SYSTEM "http://testng.org/testng-1.0.dtd">
<suite name="Assignment-Automation" allow-return-values="false" >
	<!-- Execution Environment Parameters -->
	<parameter name="BrowserName" value="firefox" />
	
	<!-- Test case: include test rails id -->
	<test name="Test: Assignment">
		<parameter name="SearchCriteria" value="London" />
		<classes>
			<class name="Test.AssignTest">
				<methods>
					<include name="assignment" />
				</methods>
			</class>
		</classes>
	</test>
		
</suite> 